,국가,대학교명,번역,분류,번역_전처리,5분류,요약
40,한국,Kangwon,강원 미래 과학 포럼 개최. 미래에너지에 대한 논의 진행,7,강원미래과학포럼 개최. 미래 에너지에 대한 논의 진행,3,강원미래과학포럼 개최. 미래 에너지에 대한 논의 진행
17,한국,Seoul,"저렴한 주거시설과 친환경 신축 건물
∙ 교직원주택, 교수아파트, 학생생활관을 저렴한 비용으로
제공하고 있습니다. 관악학생생활관은 기존 무작위 추
첨 대신 2019년부터 소득이 낮고 거리가 멀수록, 그리
고 성적이 높을수록 우선선발 대상이 되도록 공정한
기준을 수립하였습니다.",11,"저렴한 주거시설과 친환경 신축 건물 교직원 주택, 교수 아파트, 학생생활관을 저렴한 비용으로 제공하고 있습니다. 관악학생 생활관은 기존 무작위 추첨 대신 2019년부터 소득이 낮고 거리가 멀수록, 그리고 성적이 높을수록 우선 선발 대상이 되도록 공정한 기준을 수립하였습니다.",3,"저렴한 주거시설과 친환경 신축 건물 교직원 주택, 교수 아파트, 학생생활관을 저렴한 비용으로 제공하고 있습니다. 관악학생 생활관은 기존 무작위 추첨 대신 2019년부터 소득이 낮고 거리가 멀수록, 그리고 성적이 높을수록 우선 선발 대상이 되도록 공정한 기준을 수립하였습니다."
35,한국,Kangwon,대학 구성원과의 공유를 통한 연구 분위기 조성 및 향후 미래 대비 집중 육성 연구 과제 도출,7,대학 구성원과의 공유를 통한 연구 분위기 조성 및 향후 미래 대비 집중 육성연구과제 도출,3,대학 구성원과의 공유를 통한 연구 분위기 조성 및 향후 미래 대비 집중 육성연구과제 도출
47,한국,Kangwon,공정한 직무수행을 저해하는 지시 등에 대한 교직원의 권익 보호,8,공정한 직무수행을 저해하는 지시 등에 대한 교직원의 권익보호,3,공정한 직무수행을 저해하는 지시 등에 대한 교직원의 권익보호
81,한국,Kangwon,도서 대출기간을 확대하여 자료 이용 도움 제공,10,도서대출 기간을 확대하여 자료 이용 도움 제공,3,도서대출 기간을 확대하여 자료 이용 도움 제공
57,한국,Kangwon,조교의 권익 보호를 위한 협의회 운영,8,조교의 권익보호를 위한 협의회 운영,3,조교의 권익보호를 위한 협의회 운영
39,한국,Kangwon,미래에너지 기술 포럼 개최. 다양한 친환경 미래에너지 기술 소개,7,미래 에너지기술포럼 개최. 다양한 친환경 미래 에너지 기술 소개,3,미래 에너지기술포럼 개최. 다양한 친환경 미래 에너지 기술 소개
61,한국,Kangwon,"신약후보물질 관련 기술 이전, 학술교류 및 연구개발 진행",9,"신약 후보물질 관련 기술이전, 학술교류 및 연구개발 진행",3,"신약 후보물질 관련 기술이전, 학술교류 및 연구개발 진행"
65,한국,Kangwon,항암면역세포 치료제 개발 기술 관련 연구 사업화 추진,9,항암면역세포치료제 개발 기술 관련 연구사업화 추진,3,항암면역세포치료제 개발 기술 관련 연구사업화 추진
45,한국,Kangwon,신규 건축물 대상 인증을 부여받아 에너지 효율 준수,7,신규 건축물 대상 인증을 부여받아 에너지 효율 준수,3,신규 건축물 대상 인증을 부여받아 에너지 효율 준수
27,한국,Ajou,"아주대학교가 단독 기술지주회사인 ‘아주대학교 기술지주 주식회사’를 설립하여 대학 내 유망 기술 사업화에 더욱 적극적으로 나선다. 아주대학교 단독 기술지주회사는 교육부 인가를 받아 2021년 7월 설립 등기와 사업자 등록을 완료했다. 교육부의 ‘산업교육진흥 및 산학협력촉진에 관한 법률’에 근거한 대학 기술기반 회사로, 아주대는 76번째 기술지주회사로 이름을 올렸다. 우리 대학 단독 기술지주회사의 대표이사는 권용진 산학협력단장이며, 박장호 산학사업부단장과 김철호 아주대학교의료원 첨단의학연구원장이 이사를, 심규철 기획처장이 감사를 맡는다. 단독 기술지주회사 설립을 통해 본교는 그동안 추진해온 대학 내 연구진의 ▲우수 기술 발굴 ▲기술기반 자회사 설립 지원 ▲유망 벤처기업 투자 등에 더욱 적극적인 활동을 추진한다. 이를 통해 기술사업화 수익을 창출하고, 해당 수익을 연구·개발(R&D)에 재투자하는 기술사업화 선순환 구조를 구축하겠다는 목표다. 특히 대학 내의 우수한 연구·개발 성과가 연구실에만 머무르지 않고, 신속한 사업화를 통해 우리 사회와 기업들의 기술 혁신을 선도할 수 있도록 지원할 계획이다. 대학 기술사업화란 대학 내 연구진의 연구 활동을 통해 얻은 성과를 기술이전, 기술기반 창업 등을 통해 사업화하는 것을 말한다. 대학에서 개발한 기술을 기업이나 기관에 이전하거나, 기술지주회사가 직접 혹은 자회사를 통해 해당 기술을 사업화할 수 있다. 성공적 기술사업화를 통해 대학에서는 연구 성과의 활용을 극대화하고, 이를 통해 기업과 국가 경쟁력의 증대와 고용 창출에도 기여할 수 있다. 대학의 수익 원을 다각화할 수도 있다. 아주대학교는 기술사업화 전담 조직과 전문 인력, 연합 기술지주회사와 단독 기술지주회사를 통해 연구 기획에서 지식재산 창출, 기술이전 및 창업에 이르기까지 특허 기반 우수 기술의 기술사업화 전 과정을 체계적으로 지원하고 있다. 이러한 노력의 결과로 우리 대학은 최근 5년간 기술 사업화 실적에서 가파른 상승세를 보이며 지난해 연간 기술이전 수익 33억 5,000만 원을 기록, 전국 대학 7위에 해당하는 성적을 냈다.",9,"아주대학교가 단독 기술지주회사인 아주대학교 기술지주 주식회사를 설립하여 대학 내 유망기술사업화에 더욱 적극적으로 나선다.아주대학교 단독 기술지주회사는 교육부인가를 받아 2021년 7월 설립등기와 사업자등록을 완료했다.교육부의 산업교육진흥 및 산학협력 촉진에 관한 법률에 근거한 대학기술 기반 회사로, 아주대는 76번째 기술지주회사로 이름을 올렸다. 우리 대학 단독 기술지주회사의 대표이사는 권용진 산학협력단장이며, 박장호 산학사업부 단장 과 김철호 아주대학교 의료원 첨단의학연구원장이 이사를, 심규철 기획처장이 감사를 맡는다. 단독 기술지주회사 설립을 통해 본교는 그동안 추진해온 대학 내 연구진의 우수기술 발굴 기술 기반 자회사 설립 지원 유망 벤처기업 투자 등에 더욱 적극적인 활동을 추진한다.이를 통해 기술사업화 수익을 창출하고, 해당 수익을 연구개발 RD에 재투자하는 기술사업화 선순환 구조를 구축하겠다는 목표다.특히 대학 내의 우수한 연구개발 성과가 연구실에만 머무르지 않고, 신속한사 업화를 통해 우리 사회와 기업들의 기술혁신을 선도할 수 있도록 지원할 계획이다. 대학 기술사업화란 대학 내 연구진의 연구활동을 통해 얻은 성과를 기술이전, 기술기반 창업 등을 통해 사업화하는 것을 말한다. 대학에서 개발한 기술을 기업이나 기관에 이전하거나, 기술지주회사가 직접 혹은 자회사를 통해 해당 기술을 사업화할 수 있다. 성공적 기술사업화를 통해 대학에서는 연구성과의 활용을 극대화하고, 이를 통해 기업과 국가경쟁력의 증대와 고용창출에도 기여할 수 있다 .대학의 수익원을 다각화할 수도 있다.아주대학교는 기술사업화 전담조직과 전문인력, 연합기술지주회사와 단독기술지주회사를 통해 연구기획에서 지식재산 창출, 기술이전 및 창업에 이르기까지 특허기반 우수기술의 기술사업화 전 과정을 체계적으로 지원하고 있다. 이러한 노력의 결과로 우리 대학은 최근 5년간 기술사업화 실적에서 가파른 상승세를 보이며 지난해 연간 기술이전 수익 33억5,000만원을 기록, 전국 대학 7위에 해당하는 성적을 냈다.",3," 대학 내의 우수한 연구개발 성과가 연구실에만 머무르지 않고, 신속한사 업화를 통해 우리 사회와 기업들의 기술혁신을 선도할 수 있도록 지원할 계획이다. 대학 기술사업화란 대학 내 연구진의 연구활동을 통해 얻은 성과를 기술이전, 기술기반 창업 등을 통해 사업화하는 것을 말한다. 대학에서 개발한 기술을 기업이나 기관에 이전하거나, 기술지주회사가 직접 혹은 자회사를 통해 해당 기술을 사업화할 수 있다. 성공적 기술사업화를 통해 대학에서는 연구성과의 활용을 극대화하고, 이를 통해 기업과 국가경쟁력의 증대와 고용창출에도 기여할 수 있다 "
50,한국,Kangwon,"근로자의 근무조건, 인사관리 등에 대한 고충을 해결하기 위한 위원회 운영",8,"근로자의 근무조건, 인사관리 등에 대한 고충을 해결하기 위한 위원회 운영",3,"근로자의 근무조건, 인사관리 등에 대한 고충을 해결하기 위한 위원회 운영"
33,한국,Kangwon,친환경 대체에너지원인 목재 펠렛의 연소효과 극대화,7,친환경 대체에너지원인 목재펠렛의 연소 효과 극대화,3,친환경 대체에너지원인 목재펠렛의 연소 효과 극대화
100,한국,Kangwon,캠퍼스 간 물리적인 거리 극복을 위한 화상회의 진행,11,캠퍼스 간 물리적인 거리 극복을 위한 화상회의 진행,3,캠퍼스 간 물리적인 거리 극복을 위한 화상회의 진행
70,한국,Kangwon,기술 사업화 분야 전반과 산학협력 성과 창출을 위한 지속적인 상호 교류,9,기술사업화 분야 전반과 산학협력 성과 창출을 위한 지속적인 상호 교류,3,기술사업화 분야 전반과 산학협력 성과 창출을 위한 지속적인 상호 교류
60,한국,Kangwon,베트남과 창업‧기술분야 유대 강화 및 상호 발전을 위한 업무협약 체결,9,베트남과 창업기술 분야 유대 강화 및 상호 발전을 위한 업무협약 체결,3,베트남과 창업기술 분야 유대 강화 및 상호 발전을 위한 업무협약 체결
88,한국,Kangwon,저소득층 학생과 외국인 학생 모집 및 여성 교원과 장애인 채용,10,저소득층 학생과 외국인 학생 모집 및 여성교원과 장애인 채용,3,저소득층 학생과 외국인 학생 모집 및 여성교원과 장애인 채용
52,한국,Kangwon,전국대학노동조합 가입. 대학 구성원들의 노동권 보장,8,전국대학노동조합 가입. 대학 구성원들의 노동권 보장,3,전국대학노동조합 가입. 대학 구성원들의 노동권 보장
97,한국,Kangwon,"과속방지턱, 안전표지 배치로 교통안전 확보",11,"과속방지턱, 안전표지 배치로 교통안전 확보",3,"과속방지턱, 안전표지 배치로 교통안전 확보"
90,한국,Kangwon,도서관 회원제에 등록한 지역주민 대상 도서관 교육자료 개방,11,도서관 회원제에 등록한 지역주민 대상 도서관 교육자료 개방,3,도서관 회원제에 등록한 지역주민 대상 도서관 교육자료 개방
36,한국,Kangwon,"산‧학‧연 소통 및 대학과 기업, 대학과 지역의 상생발전 방안 모색",7,"산학연 소통 및 대학과 기업, 대학과 지역의 상생발전 방안 모색",3,"산학연 소통 및 대학과 기업, 대학과 지역의 상생발전 방안 모색"
30,한국,Ajou,"우리 학교 건축학부 건축공학전공 학생팀이 서울도시주택공사(SH)가 주최한 ‘제3회 SH 대학(원)생 및 시민참여 VE아이디어 공모전’에서 대상을 수상했다. 서울주택도시공사와 한국VE연구원이 주최한 이번 대회는 '일코노미(1인+Economy) 시대... VE를 통해 주거트렌드를 선도한다'라는 주제로 ▲대학(원)생 부문 ▲시민 부문으로 나뉘어 진행됐다. 우리 학교 정용우·김민경·배수빈·이예빈 학생(사진 왼쪽부터)은 ‘Salon(살론)’팀을 구성해 참가했다. 이번 대회는 청년, 사회초년생, 40대 이상의 중장년층 및 노약자, 사회적 약자 등을 위한 맞춤형 1인 가구 평면 및 커뮤니티 시설에 대한 가치공학(VE) 아이디어를 제안하는 공모전으로 개최됐다. Salon팀은 기존의 1인 가구에서 발생할 수 있는 문제점을 해결하고 동시에 미래의 주거형태를 고려한 사물인터넷(IoT) 적용 사안을 중심으로 10개의 제안서를 제출했다. 이 중 ▲재실 여부를 파악하여 작동하는 스마트 살균 IoT 환기 시스템 ▲감압센서를 이용한 노인층의 사고여부 파악 ▲원격 조절장치 및 신고 시스템 ▲어플 예약 시스템을 적용한 휴식 겸용 캡슐도서관 등 다양한 1인 거주시설과 공동시설에 적용 가능한 제안들이 좋은 평가를 받았다. 학생팀은 1차 서류심사와 2차 비대면 영상 발표심사를 거쳐 대학(원)생 부문과 시민 부문 한 팀에만 주어 지는 대상에 선정됐다. 학생팀에게는 상장과 상금 300만원이 주어졌다. 한편, 대상을 수상한 Salon팀은 지난 19일 국토교통부가 주최하는 ‘2021 VE 경진대회 및 콘퍼런스’에 이번 대회 수상자 자격으로 참석, 영상시연 및 관련 발표를 진행했다.",11,"우리 학교 건축학부 건축공학 전공 학생팀이 서울도시주택공사 SH가 주최한 제3회 SH대학원생 및 시민참여 VE 아이디어 공모전에서 대상을 수상했다. 서울주택도시공사와 한국VE연구원이 주최한 이번 대회는 일코노미 1인 Economy 시대...VE를 통해 주거 트렌드를 선도한다라는 주제로 대학원생 부문 시민 부문으로 나뉘어 진행됐다. 우리 학교 정용우 김민경 배수빈이 예빈 학생 사진 왼쪽부터 은Salon 살론팀을 구성해 참가했다. 이번 대회는 청년, 사회초년생, 40대 이상의 중장년층 및 노약자, 사회적 약자 등을 위한 맞춤형 1인 가구 평면 및 커뮤니티시설에 대한 가치공학 VE 아이디어를 제안하는 공모전으로 개최됐다. Salon팀은 기존의 1인 가구에서 발생할 수 있는 문제점을 해결하고 동시에 미래의 주거형태를 고려한 사물인터넷 IoT 적용 사안을 중심으로 10개의 제안서를 제출했다.이 중재실 여부를 파악하여 작동하는 스마트 살균IoT 환기시스템 감압센서를 이용한 노인층의 사고 여부 파악원격조절 장치 및 신고 시스템 어플 예약 시스템을 적용한 휴식 겸용 캡슐도서관 등 다양한 1인 거주시설과 공동시설에 적용 가능한 제안들이 좋은 평가를 받았다. 학생팀은 1차 서류심사와 2차 비대면 영상 발표심사를 거쳐 대학원생 부문과 시민부문 한 팀에만 주어지는 대상에 선정됐다. 학생팀에게는 상장과 상금 300만원이 주어졌다. 한편, 대상을 수상한 Salon팀은 지난 19일 국토교통부가 주최하는 2021VE 경진대회 및 콘퍼런스에 이번 대회 수상자 자격으로 참석, 영 상시연 및 관련 발표를 진행했다.",3," 통해 주거 트렌드를 선도한다라는 주제로 대학원생 부문 시민 부문으로 나뉘어 진행됐다. 우리 학교 정용우 김민경 배수빈이 예빈 학생 사진 왼쪽부터 은Salon 살론팀을 구성해 참가했다. 이번 대회는 청년, 사회초년생, 40대 이상의 중장년층 및 노약자, 사회적 약자 등을 위한 맞춤형 1인 가구 평면 및 커뮤니티시설에 대한 가치공학 VE 아이디어를 제안하는 공모전으로 개최됐다. Salon팀은 기존의 1인 가구에서 발생할 수 있는 문제점을 해결하고 동시에 미래의 주거형태를 고려한 사물인터넷 IoT 적용 사안을 중심으로 10개의 제안서를 제출했다"
66,한국,Kangwon,신규 감자품종과 감자가공제품 개발 및 사업화 추진,9,신규 감자 품종과 감자가공제품 개발 및 사업화 추진,3,신규 감자 품종과 감자가공제품 개발 및 사업화 추진
101,한국,Kangwon,캠퍼스 내 정류장 설치 및 대학인근 노선 운영을 통한 통근수단 제공,11,캠퍼스 내 정류장 설치 및 대학 인근 노선 운영을 통한 통근 수단 제공,3,캠퍼스 내 정류장 설치 및 대학 인근 노선 운영을 통한 통근 수단 제공
53,한국,Kangwon,여성 교원의 권익 보호 및 양성평등 실현 도모를 위한 여교수회 운영,8,여성교원의 권익보호 및 양성평등 실현도모를 위한 여교수회 운영,3,여성교원의 권익보호 및 양성평등 실현도모를 위한 여교수회 운영
94,한국,Kangwon,다양한 문화공연 진행으로 지역 문화예술 발전에 기여,11,다양한 문화공연 진행으로 지역 문화예술 발전에 기여,3,다양한 문화공연 진행으로 지역 문화예술 발전에 기여
15,한국,Seoul,"공연을 통한 지역 예술에 기여
∙서울대학교 문화관 중강당/대강당, 음악대학 예술관 콘서트홀에서 연간 여러 차례 무료 공연이 열리고 있습니다. 그리고 서울대학교 학생 동아리인 댄스스포츠부와 무용부도 정기공연을 개최하고 있으며, 무료로 관람할 수 있습니다.",11,"공연을 통한 지역 예술에 기여서울대학교 문화관 중 강당 대강당, 음악대학 예술관 콘서트홀에서 연간 여러 차례 무료 공연이 열리고 있습니다. 그리고 서울대학교 학생 동아리인 댄스스포츠부와 무용부도 정기공연을 개최하고 있으며, 무료로 관람할 수 있습니다.",3,"공연을 통한 지역 예술에 기여서울대학교 문화관 중 강당 대강당, 음악대학 예술관 콘서트홀에서 연간 여러 차례 무료 공연이 열리고 있습니다. 그리고 서울대학교 학생 동아리인 댄스스포츠부와 무용부도 정기공연을 개최하고 있으며, 무료로 관람할 수 있습니다."
63,한국,Kangwon,"웰빙특산물산업화센터가 지역연고사업 육성‧발굴, 고도화 위한 육성사업에 선정",9,"웰빙 특산물 산업화센터가 지역 연고사업 육성 발굴, 고도화 위한 육성사업에 선정",3,"웰빙 특산물 산업화센터가 지역 연고사업 육성 발굴, 고도화 위한 육성사업에 선정"
92,한국,Kangwon,각 캠퍼스에 학생생활관을 저렴하게 운영하여 장거리 거주 학생의 주거 문제 해소,11,각 캠퍼스에 학생생활관을 저렴하게 운영하여 장거리 거주 학생의 주거문제 해소,3,각 캠퍼스에 학생생활관을 저렴하게 운영하여 장거리 거주 학생의 주거문제 해소
48,한국,Kangwon,학생군사교육단 운영규정에 의거 우리대학의 인사관리 규정 적용,8,학생 군사교육단 운영규정에 의거 우리 대학의 인사관리 규정 적용,3,학생 군사교육단 운영규정에 의거 우리 대학의 인사관리 규정 적용
29,한국,Ajou,"아주대학교는 저소득층 학생을 위한 정책의 일환 으로 생활관(기숙사) 입사 기회 부여, 기숙사비 지원 사업을 진행하고 있다. 아주대학교 생활관은 입사 신청 시 가계곤란 전형을 따로 마련하여 기초생활수급자, 지방세 등을 평가 하고 해당 학생들에게 입사 기회를 지원한다. 또한, 아주대학교 입학사정센터는 2021년 고교 교육 기여대학 지원사업으로 『아주 희망 기숙사』를 진행하여, 기초생활수급자 및 저소득층 학생(소득 분위 2분위 이내) 15명에게 1인당 40만원의 기숙사비를 지원했다.",11,"아주대학교는 저소득층 학생을 위한 정책의 일환으로 생활관 기숙사 입사 기회 부여, 기숙사비 지원사업을 진행하고 있다.아주대학교 생활관은 입사신청 시 가계곤란 전형을 따로 마련하여 기초생활수급자, 지방세 등을 평가하고 해당 학생들에게 입사 기회를 지원한다. 또한, 아주대학교 입학사정센터는 2021년 고교 교육기여대학 지원사업으로 아주 희망기숙사를 진행하여, 기초생활수급자 및 저소득층 학생소득 분위 2분위 이내 15명에게 1인당 40만원의 기숙사 비를 지원했다.",3," 생활관은 입사신청 시 가계곤란 전형을 따로 마련하여 기초생활수급자, 지방세 등을 평가하고 해당 학생들에게 입사 기회를 지원한다. 또한, 아주대학교 입학사정센터는 2021년 고교 교육기여대학 지원사업으로 아주 희망기숙사를 진행하여, 기초생활수급자 및 저소득층 학생소득 분위 2분위 이내 15명에게 1인당 40만원의 기숙사 비를 지원했다."
69,한국,Kangwon,국내 자생식물 유래 탈모완화 기능성 천연 신소재에 대한 기술이전 계약 체결,9,국내 자생식물 유래 탈모완화 기능성 천연신소재에 대한 기술이전 계약 체결,3,국내 자생식물 유래 탈모완화 기능성 천연신소재에 대한 기술이전 계약 체결
34,한국,Kangwon,"그린 뉴딜, 탄소중립 시대를 이끌어갈 우수 인력 양성과 연구 성과 공유",7,"그린뉴딜, 탄소중립시대를 이끌어갈 우수인력 양성과 연구 성과 공유",3,"그린뉴딜, 탄소중립시대를 이끌어갈 우수인력 양성과 연구 성과 공유"
32,한국,Kangwon,그린뉴딜 아이디어 경진대회 개최.신재생 에너지를 활용한 교내 시설 구축 방안 아이디어 모집,7,그린뉴딜아이디어 경진대회 개최. 신재생에너지를 활용한 교내 시설 구축 방안 아이디어 모집,3,그린뉴딜아이디어 경진대회 개최. 신재생에너지를 활용한 교내 시설 구축 방안 아이디어 모집
28,한국,Ajou,"아주대에는 장애 여부에 상관없이 누구나 평등하게 공부하고, 생활할 수 있도록 도움을 주는 곳이 있다. 장애 학생의 편리한 학교생활을 도모하기 위해 다양한 서비스를 제공하는 장애학생지원실이 바로 그곳이다. 장애학생지원실은 지난 2009년 10월 출범해 현재는 총장 직속 기구인 인권센터 산하 기구로 운영되고 있다. 장애 학생이 입학한 순간부터 졸업 후 사회에 진출하기까지, 장애학생지원실의 업무는 다채롭게 이어 진다. 장애 학생들의 요구와 특성에 맞는 학습 및 생활 지원을 통해 교육권을 보장하고 장애를 이유로 차별 받지 않도록 장애인식개선 교육도 실시한다. 아주대 장애학생지원실은 크게 세 가지 측면에서 학생들을 서포트한다. ▲학습 지원 ▲이동·편의시설 지원 ▲대학생활 지원이다. 학생들이 학업에 몰두할 수 있도록 과목별 지원 인력 연계를 통해 강의 내용 대필, 수화통역, 속기, 점역 등을 지원하고 담당 교수에게 장애 학생에 대한 특성을 미리 안내해 맞춤형 수업이 제공될 수 있도록 한다. 수업 및 학습에 필요한 학습보조기기 및 시각장애 학생을 위한 도서 점역비도 지원한다. 생활 도우미를 연계해 강의실 이동 및 생활편의를 지원하고, 몸이 불편한 장애 학생들을 배려해 생활관 및 사물함 우선 배정도 돕는다. 또 학생들의 원활한 대학 적응을 위해 매 학기 간담회를 개최하고, 심리 프로그램도 지원한다. 새내기 오리엔테이션부터 멘토링 프로그램, 진로 및 취업 상담을 하는 것 또한 장애학생지원실의 중요한 역할이다. 장애인식개선 교육은 대학 구성원 전체를 대상으로 한 법정의무교육으로, 장애학생지원실은 더 많은 구성원이 교육에 참여할 수 있도록 여러 형태의 강의를 마련하고 참여를 독려하고 있다.",10,"아주대에는 장애 여부에 상관없이 누구나 평등하게 공부하고, 생활할 수 있도록 도움을 주는 곳이 있다. 장애학생의 편리한 학교생활을 도모하기 위해 다양한 서비스를 제공하는 장애학생 지원실이 바로 그곳이다. 장애 학생 지원실은 지난 2009년 10월 출범해 현재는 총장 직속 기구인 인권센터 산하기구로 운영되고 있다. 장애학생이 입학한 순간부터 졸업 후 사회에 진출하기까지, 장애학생 지원실의 업무는 다채롭게 이어진다. 장애 학생들의 요구와 특성에 맞는 학습 및 생 활지원을 통해 교육권을 보장하고 장애를 이유로 차별받지 않도록 장애인식 개선 교육도 실시한다.아주대 장애학생 지원실은 크게 세 가지 측면에서 학생들을 서포트한다. 학습지원이 동 편의시설 지원대학 생활지원이다. 학생들이 학업에 몰두할 수 있도록 과목별 지원인력 연계를 통해 강의 내용대필, 수화통역, 속기, 점역 등을 지원하고 담당 교수에게 장애학생에 대한 특성을 미리 안내해 맞춤형 수업이 제공될 수 있도록 한다. 수업 및 학습에 필요한 학습보조기기 및 시각장애 학생을 위한 도서점역비도 지원한다. 생활도우미를 연계해 강의실이동 및 생활편의를 지원하고, 몸이 불편한 장애학생들을 배려해 생활관 및 사물함 우선 배 정도 돕는다.또 학생들의 원활한 대학적응을 위해 매 학기 간담회를 개최하고, 심리 프로그램도 지원한다. 새내기 오리엔테이션부터 멘토링 프로그램, 진로 및 취업상담을 하는 것 또한 장애학생 지원실의 중요한 역할이다. 장애인식 개선 교육은 대학 구성원 전체를 대상으로 한 법정의무교육으로, 장애학생 지원실은 더 많은 구성원이 교육에 참여할 수 있도록 여러 형태의 강의를 마련하고 참여를 독려하고 있다.",3," 학생들의 원활한 대학적응을 위해 매 학기 간담회를 개최하고, 심리 프로그램도 지원한다. 새내기 오리엔테이션부터 멘토링 프로그램, 진로 및 취업상담을 하는 것 또한 장애학생 지원실의 중요한 역할이다. 장애인식 개선 교육은 대학 구성원 전체를 대상으로 한 법정의무교육으로, 장애학생 지원실은 더 많은 구성원이 교육에 참여할 수 있도록 여러 형태의 강의를 마련하고 참여를 독려하고 있다."
14,한국,Seoul,"문화 시설 일반인 출입 권한
∙서울대학교 박물관, 서울대학교 미술관, 규장각한국학연구원을 일반인이 무료로 관람할 수 있습니다. 그리고 중앙도서관 자료실을 일반인이 무료로 열람할 수 있고, 일정 회비를 납부하면 대출이 가능합니다. 또한 중앙도서관은 2017년부터 관정관 1층 갤러리에서 다양한 작은 전시회를 개최하고 있습니다.",11,"문화시설 일반인 출입권한 서울대학교 박물관, 서울대학교 미술관, 규장각한국학연구원을 일반인이 무료로 관람할 수 있습니다. 그리고 중앙도서관 자료실을 일반인이 무료로 열람할 수 있고, 일정 회비를 납부하면 대출이 가능합니다. 또한 중앙도서관은 2017년부터 관정관 1층 갤러리에서 다양한 작은 전시회를 개최하고 있습니다.",3,"문화시설 일반인 출입권한 서울대학교 박물관, 서울대학교 미술관, 규장각한국학연구원을 일반인이 무료로 관람할 수 있습니다. 그리고 중앙도서관 자료실을 일반인이 무료로 열람할 수 있고, 일정 회비를 납부하면 대출이 가능합니다. 또한 중앙도서관은 2017년부터 관정관 1층 갤러리에서 다양한 작은 전시회를 개최하고 있습니다."
16,한국,Seoul,"셔틀버스와 전기차 충전기
∙ 학기와 방학 중에 서울대학교 통학 셔틀버스와 교내 순
환도로 셔틀버스를 운영하고 있습니다. 그리고 학내 4
개 건물의 주차장에 총 9개의 전기차 충전기가 설치되
어 있으며 최근에는 전기셔틀버스를 도입하여 시범적으
로 운영하고 있습니다. 또한 학생회관 옆에는 2단 자
전거보관대가 설치되어 있습니다.",11,셔틀버스와 전기차 충전기학기와 방학 중에 서울대학교 통학셔틀버스와 교내 순환도로 셔틀버스를 운영하고 있습니다. 그리고 학내 4개 건물의 주차장에 총 9개의 전기차 충전기가 설치되어 있으며 최근에는 전기 셔틀버스를 도입하여 시범적으로 운영하고 있습니다. 또한 학생회관 옆에는 2단 자전거 보관대가 설치되어 있습니다.,3,셔틀버스와 전기차 충전기학기와 방학 중에 서울대학교 통학셔틀버스와 교내 순환도로 셔틀버스를 운영하고 있습니다. 그리고 학내 4개 건물의 주차장에 총 9개의 전기차 충전기가 설치되어 있으며 최근에는 전기 셔틀버스를 도입하여 시범적으로 운영하고 있습니다. 또한 학생회관 옆에는 2단 자전거 보관대가 설치되어 있습니다.
38,한국,Kangwon,「삼척시 에너지 산업육성을 위한 관‧산‧학 협력 모델 구축방안」 포럼 개최,7,삼척시에너지산업 육성을 위한 관산학협력 모델 구축 방안포럼 개최,3,삼척시에너지산업 육성을 위한 관산학협력 모델 구축 방안포럼 개최
58,한국,Kangwon,직원의 권익 보호를 위한 협의회 운영,8,직원의 권익보호를 위한 협의회 운영,3,직원의 권익보호를 위한 협의회 운영
89,한국,Kangwon,녹색건축인증 및 건축물 에너지효율등급 인증.신규 건축물 대상 인증을 부여받아 에너지 효율 준수,11,녹색건축인증 및 건축물 에너지 효율 등급 인증.신규 건축물 대상인증을 부여받아 에너지 효율 준수,3, 건축물 대상인증을 부여받아 에너지 효율 준수
41,한국,Kangwon,에너지절약 추진계획 수립을 통한 에너지 사용량 감소 및 공공요금 절감 기대,7,에너지 절약 추진계획 수립을 통한 에너지 사용량 감소 및 공공요금 절감 기대,3,에너지 절약 추진계획 수립을 통한 에너지 사용량 감소 및 공공요금 절감 기대
80,한국,Kangwon,동아리 활동을 통한 장애학생 인권 증진 노력,10,동아리 활동을 통한 장애학생 인권 증진 노력,3,동아리 활동을 통한 장애학생 인권 증진 노력
86,한국,Kangwon,"외국인 학생들의 학교생활 적응 지원. 외국인 학생 대상 튜터링, 버디프로그램 운영",10,"외국인 학생들의 학교생활 적응 지원.외국인 학생 대상 튜터링, 버디 프로그램 운영",3," 학생 대상 튜터링, 버디 프로그램 운영"
72,한국,Kangwon,"지방 소재 중소벤처기업의 경영 애로사항 해소를 위한 설명회, 상담 및 멘토링 진행",9,"지방 소재 중소벤처기업의 경영애로사항 해소를 위한 설명회, 상담 및 멘토링 진행",3,"지방 소재 중소벤처기업의 경영애로사항 해소를 위한 설명회, 상담 및 멘토링 진행"
84,한국,Kangwon,"기초생활수급자, 차상위 계층 학생 및 장애학생 주거문제 해소를 위한 생활관 우선 선발",10,"기초생활수급자, 차상위계층 학생 및 장애학생 주거문제 해소를 위한 생활관 우선 선발",3,"기초생활수급자, 차상위계층 학생 및 장애학생 주거문제 해소를 위한 생활관 우선 선발"
93,한국,Kangwon,캠퍼스와 시내 간 통학버스 운행을 통한 이동 편의 제공,11,캠퍼스와 시내 간 통학버스 운행을 통한 이동 편의 제공,3,캠퍼스와 시내 간 통학버스 운행을 통한 이동 편의 제공
91,한국,Kangwon,대학의 유휴부지에 혁신파크를 조성하여 지역의 혁신성장 선도,11,대학의 유휴부지에 혁신파크를 조성하여 지역의 혁신성장선도,3,대학의 유휴부지에 혁신파크를 조성하여 지역의 혁신성장선도
46,한국,Kangwon,연구원의 학업‧연구권과 부당업무 거부권을 보장하는 지침 마련,8,연구원의 학업 연구권과 부당업무 거부권을 보장하는 지침 마련,3,연구원의 학업 연구권과 부당업무 거부권을 보장하는 지침 마련
99,한국,Kangwon,캠퍼스 안전운행 캠페인 및 안전모 지원을 통한 깨끗하고 안전한 대학도시 실현,11,캠퍼스 안전운행 캠페인 및 안전모 지원을 통한 깨끗하고 안전한 대학도시 실현,3,캠퍼스 안전운행 캠페인 및 안전모 지원을 통한 깨끗하고 안전한 대학도시 실현
43,한국,Kangwon,하절기/동절기 에너지절약 추진 실천사항. 학내 구성원의 에너지 절약 동참 격려,7,하절기 동절기 에너지 절약 추진 실천사항.학내 구성원의 에너지 절약 동참 격려,3, 구성원의 에너지 절약 동참 격려
77,한국,Kangwon,온라인 교육을 통한 구성원들의 인식 제고,10,온라인 교육을 통한 구성원들의 인식 제고,3,온라인 교육을 통한 구성원들의 인식 제고
87,한국,Kangwon,"학생들의 인권 증진 및 대학생활 도움을 위한 인권센터, 장애학생지원센터, 학생상담센터 체계적 운영",10,"학생들의 인권 증진 및 대학생활 도움을 위한 인권센터, 장애학생 지원센터, 학생상담센터 체계적 운영",3,"학생들의 인권 증진 및 대학생활 도움을 위한 인권센터, 장애학생 지원센터, 학생상담센터 체계적 운영"
54,한국,Kangwon,"교원 및 직원의 직급별 보수현황 공개.보수 총액, 최고액, 최저액, 평균액을 자체평가보고서에 수록하여 적정한 보수 지급 현황 추적",8,"교원 및 직원의 직급별 보수 현황 공개. 보수 총액, 최고액, 최저액, 평균액을 자체 평가보고서에 수록하여 적정한 보수지급 현황 추적",3,"교원 및 직원의 직급별 보수 현황 공개. 보수 총액, 최고액, 최저액, 평균액을 자체 평가보고서에 수록하여 적정한 보수지급 현황 추적"
74,한국,Kangwon,현직 여성 멘토를 초청한 토크 콘서트를 개최하여 여대생의 취업 역량 강화,10,현직 여성 멘토를 초청한 토크 콘서트를 개최하여 여대생의 취업역량 강화,3,현직 여성 멘토를 초청한 토크 콘서트를 개최하여 여대생의 취업역량 강화
62,한국,Kangwon,"강원지방중소벤처기업청, 이노비즈협회 강원지회와 지역 중소기업의 기술혁신 역량 강화, 대학의 원천기술 및 연구 인프라 기업 제공",9,"강원지방중소벤처기업청, 이노비즈협회 강원지회와 지역 중소기업의 기술혁신 역량 강화, 대학의 원천기술 및 연구 인프라 기업 제공",3,"강원지방중소벤처기업청, 이노비즈협회 강원지회와 지역 중소기업의 기술혁신 역량 강화, 대학의 원천기술 및 연구 인프라 기업 제공"
95,한국,Kangwon,접근이 자유로운 캠퍼스 내 도보 견학 코스 운영,11,접근이 자유로운 캠퍼스 내 도보 견학코스 운영,3,접근이 자유로운 캠퍼스 내 도보 견학코스 운영
18,한국,Ajou,"아주대학교 기계공학과 이정호 교수 연구팀이 산업통상자원부의 ‘2021년도 제1차 에너지기술개발사업’에 주관연구기관으로 선정됐다. 산업통상자원부는 에너지 환경 변화에 대응하여 탄소중립 시대 실현과 그린뉴딜 사업을 위한 기술개발을 촉진하기 위해 ▲신재생 ▲에너지신산업 ▲청정화력/원자력/스마트그리드 ▲공공R&D 분야에서 80개의 세부사업을 진행하고 있다. 이정호 교수(사진 왼쪽)는 세부사업 부문 중 의 ‘비등을 이용한 히트파이프 열교환기 성능 향상 핵심 기술 및 모듈 개발’에 지원해 최종 선정되었다. 사업 기간은 2021년 5월부터 2025년 12월까지 5년이며, 총 사업비는 135억원이다. 이정호 교수 연구팀(사진 오른쪽)은 이번 사업을 통해 비등파이프 열교환기를 개발할 계획이다. 비등파 이프는 액체가 끓어오르는 ‘비등’ 열전달 기술을 적용하여 증발에만 의존하는 기존 히트파이프의 열교환 성능 한계를 극복할 수 있다. 비등을 이용한 열전달 기술은 전력반도체, 전기자동차 및 에너지저장장치 (ESS), 그리고 레이저 유도무기의 냉각장치와 같은 첨단 고발열 열관리를 위한 핵심 기술로 주목받고 있다. 연구팀은 이번 연구를 통해 발전플랜트, 보일러, 소각로 등 각종 산업 현장에서의 에너지 비용 절감 및 온실가스 감축에 기여할 뿐만 아니라 대부분 버려지고 있는 중소 규모의 폐열회수에 따른 사회 간접적 에너지 비용을 감소시킬 수 있을 것으로 기대한다. 한편 아주대학교가 주관연구기관을 맡은 이번 사업에는 한국기계연구원, 중앙대학교 산학협력단, 울산과학 기술원, 한국과학기술원, (주)유니웰이 참여연구기관으로 참여한다",7,"아주대학교 기계공학과 이정호 교수 연구팀이 산업통상자원부의 2021년도 제1차 에너지기술 개발사업에 주관 연구기관으로 선정됐다.산업통상자원부는 에너지환경 변화에 대응하여 탄소중립 시대 실현과 그린뉴딜사업을 위한 기술개발을 촉진하기 위해 신재생에너지 신산업청정화력원자력 스마트그리드 공공RD분야에서 80개의 세부사업을 진행하고 있다.이정호 교수 사진 왼쪽는 세부사업부문 중의비 등을 이용한 히트파이프 열교환기 성능 향상 핵심기술 및 모듈 개발에 지원해 최종 선정되었다. 사업기간은 2021년 5월부터 2025년 12월까지 5년이며, 총사업비는 135억원이다. 이정호 교수 연구팀 사진 오른쪽은 이번 사업을 통해 비등파이프 열교환기를 개발할 계획이다.비 등 파이프는 액체가 끓어오르는 비등 열 전달 기술을 적용하여 증발에만 의존하는 기존 히트파이프의 열교환 성능 한계를 극복할 수 있다. 비등을 이용한 열전달 기술은 전력반도체, 전기자동차 및 에너지 저장장치 ESS, 그리고 레이저 유도무기의 냉각장치와 같은 첨단 고발 열열관리를 위한 핵심기술로 주목받고 있다.연구팀은 이번 연구를 통해 발전플랜트, 보일러, 소각로 등 각종 산업현장에서의 에너지 비용 절감 및 온실가스 감축에 기여할 뿐만 아니라 대부분 버려지고 있는 중소 규모의 폐열회수에 따른 사회간접적에너지 비용을 감소시킬 수 있을 것으로 기대한다. 한편 아주대학교가 주관 연구기관을 맡은 이번 사업에는 한국기계연구원, 중앙대학교 산학협력단, 울산과학기술원, 한국과학기술원, 주유니웰이 참 여 연구기관으로 참여한다",3," 등 파이프는 액체가 끓어오르는 비등 열 전달 기술을 적용하여 증발에만 의존하는 기존 히트파이프의 열교환 성능 한계를 극복할 수 있다. 비등을 이용한 열전달 기술은 전력반도체, 전기자동차 및 에너지 저장장치 ESS, 그리고 레이저 유도무기의 냉각장치와 같은 첨단 고발 열열관리를 위한 핵심기술로 주목받고 있다"
55,한국,Kangwon,교수회를 운영하여 중요 사안에 대한 의결권 보장,8,교수회를 운영하여 중요 사안에 대한 의결권 보장,3,교수회를 운영하여 중요 사안에 대한 의결권 보장
73,한국,Kangwon,"청년 구직자 대상 인공지능 기술, 프로젝트 사례 및 실습, 멘토링 지원",9,"청년 구직자 대상인 공지능 기술, 프로젝트 사례 및 실습, 멘토링 지원",3,"청년 구직자 대상인 공지능 기술, 프로젝트 사례 및 실습, 멘토링 지원"
42,한국,Kangwon,"전기차（실험폐기물 수거차량, 캠퍼스폴리스 차량）운영을 통한 환경 보호 실천",7,"전기차 실험 폐기물 수거 차량, 캠퍼스 폴리스 차량 운영을 통한 환경보호 실천",3,"전기차 실험 폐기물 수거 차량, 캠퍼스 폴리스 차량 운영을 통한 환경보호 실천"
44,한국,Kangwon,태양광 설비를 통해 에너지 효율성 제고 및 공공요금 절감,7,태양광 설비를 통해 에너지 효율성 제고 및 공공요금 절감,3,태양광 설비를 통해 에너지 효율성 제고 및 공공요금 절감
22,한국,Ajou,"아주대학교 탄소-제로 신재생에너지시스템사업단이 ‘수원시 에너지 센터’를 개소했다. 이번 수원시 에너지센터 운영은 아주대학교 탄소 중립활성화 지역에너지센터가 담당한다. 수원시는 산업통상자원부가 주관한 ‘지자체 지역에너지계획 및 센터 시범사업’ 공모에 선정돼 수원시 에너지센터를 설립했다. 수원시 에너지 센터는 ▲2050 탄소중립 및 에너지전환을 위한 포럼 개최 ▲수원시 지역에너지 특성화·탄소중립 실천 방안 용역 ▲에너지시장 거버넌스형 민간투자 활성화 ▲태양광 솔라맵 구축사업 ▲에너지전환 실천 교육 및 홍보 사업 등을 담당한다. 한편, 우리 학교는 2021년 3월 수원시와 ‘신재생에너지 육성을 위한 업무 협약’을 체결하고 신재생에너지 산업 육성·에너지전환 문화 조성을 위해 협력하고 있다",7,"아주대학교 탄소제로 신재생에너지 시스템 사업단이 수원시 에너지센터를 개소했다. 이번 수원시 에너지센터 운영은 아주대학교 탄소중립 활성화 지역 에너지센터가 담당한다.수원시는 산업통상자원부가 주관한 지자체 지역 에너지계획 및 센터 시범사업 공모에 선정돼 수원시 에너지센터를 설립했다.수원시 에너지센터는 2050 탄소중립 및 에너지 전환을 위한 포럼 개최 수원시 지역 에너지 특성화탄소중립 실천방안 용역에너지 시장 거버넌스형 민간투자 활성화 태양광솔 라맵 구축사업에너지 전환 실천교육 및 홍보사업 등을 담당한다. 한편, 우리학교는 2021년 3월 수원시와 신재생에너지 육성을 위한 업무협약을 체결하고 신재생에너지산업 육성에너지 전환문화 조성을 위해 협력하고 있다",3,아주대학교 탄소제로 신재생에너지 시스템 사업단이 수원시 에너지센터를 개소했다. 이번 수원시 에너지센터 운영은 아주대학교 탄소중립 활성화 지역 에너지센터가 담당한다
98,한국,Kangwon,보행자 안전을 위한 자전거보관소 주변 정돈 및 유동인구 많은 공간에 볼라드 설치,11,보행자 안전을 위한 자전거 보관 소 주변 정돈 및 유동인구 많은 공간에볼라드 설치,3,보행자 안전을 위한 자전거 보관 소 주변 정돈 및 유동인구 많은 공간에볼라드 설치
83,한국,Kangwon,장애학생을 위한 기자재 및 기기를 대여하여 대학생활 편의 증진,10,장애학생을 위한 기자재 및 기기를 대여하여 대학생활 편의 증진,3,장애학생을 위한 기자재 및 기기를 대여하여 대학생활 편의 증진
82,한국,Kangwon,장애학생을 위한 도우미를 선발하여 대학생활 편의 증진,10,장애학생을 위한 도우미를 선발하여 대학생활 편의 증진,3,장애학생을 위한 도우미를 선발하여 대학생활 편의 증진
11,한국,Seoul,"다양성위원회와 소수자 선발
∙입학생 모집에 있어 저소득가구 학생 및 농어촌 학생, 장애인 및 북한 이탈주민 등 소수자 선발 프로그램을 운영합니다. 행정직원 채용 시 양성평등채용 목표제를 시행하고 있습니다. 
∙국내대학 최초로 다양성 위원회를 설립하여 매년 다양성 보고서 발간, 다양성 인턴십, 워크숍과 간담회 등의 활동을 하고 있습니다. 
∙다양성 위원회 규정은 다양한 소수집단에 대한 교육, 임용, 승진, 복지 등에서 공정한 기회균등의 원칙이 준수되도록 보장하고 있습니다.",10,"다양성위원회와 소수자 선발 입학생 모집에 있어 저소득 가구 학생 및 농어촌학생, 장애인 및 북한이탈주민 등 소수자 선발 프로그램을 운영합니다. 행정 직원 채용시 양성평등 채용목표제를 시행하고 있습니다. 국내 대학 최초로 다양성위원회를 설립하여 매년 다양성 보고서 발간, 다양성 인턴십, 워크숍과 간담회 등의 활동을 하고 있습니다. 다양성위원회 규정은 다양한 소수 집단에 대한 교육, 임용, 승진, 복지 등에서 공정한 기회균등의 원칙이 준수되도록 보장하고 있습니 다.",3,"다양성위원회와 소수자 선발 입학생 모집에 있어 저소득 가구 학생 및 농어촌학생, 장애인 및 북한이탈주민 등 소수자 선발 프로그램을 운영합니다. 행정 직원 채용시 양성평등 채용목표제를 시행하고 있습니다. 국내 대학 최초로 다양성위원회를 설립하여 매년 다양성 보고서 발간, 다양성 인턴십, 워크숍과 간담회 등의 활동을 하고 있습니다. 다양성위원회 규정은 다양한 소수 집단에 대한 교육, 임용, 승진, 복지 등에서 공정한 기회균등의 원칙이 준수되도록 보장하고 있습니 다."
31,한국,Kangwon,"수소 에너지 주력 산업 연계, 수소 중심 도시 모델 구축",7,"수소에너지 주력산업 연계, 수소 중심도시 모델 구축",3,"수소에너지 주력산업 연계, 수소 중심도시 모델 구축"
78,한국,Kangwon,장애학생 대상 장학금 지급으로 경제적 어려움 해소,10,장애학생 대상 장학금 지급으로 경제적 어려움 해소,3,장애학생 대상 장학금 지급으로 경제적 어려움 해소
56,한국,Kangwon,매년 신규 책정 최저임금을 안내해 채용 직원의 기본 임금 보장,8,매년 신규 책정 최저임금을 안내해 채용직원의 기본 임금보장,3,매년 신규 책정 최저임금을 안내해 채용직원의 기본 임금보장
49,한국,Kangwon,인권상담실과 성평등상담실을 두어 구성원의 인권 보호 제도 마련,8,인권상담실과 성평등상담실을 두어 구성원의 인권보호제도 마련,3,인권상담실과 성평등상담실을 두어 구성원의 인권보호제도 마련
68,한국,Kangwon,나또 품질 향상 발표실 특허 취득,9,나 또 품질 향상 발표실 특허 취득,3,나 또 품질 향상 발표실 특허 취득
85,한국,Kangwon,"장애인지정 주차구역, 경사로, 승강기, 점자블럭 등의 설치로 장애인 편의 제공",10,"장애인 지정 주차구역, 경사로, 승강기, 점자블럭 등의 설치로 장애인 편의 제공",3,"장애인 지정 주차구역, 경사로, 승강기, 점자블럭 등의 설치로 장애인 편의 제공"
51,한국,Kangwon,관련 정책 수립 및 추진실적 점검 등 교내 양성평등 실현을 위한 위원회 운영,8,관련 정책 수립 및 추진실적 점검 등 교내 양성평등 실현을 위한 위원회 운영,3,관련 정책 수립 및 추진실적 점검 등 교내 양성평등 실현을 위한 위원회 운영
75,한국,Kangwon,관련 정책 수립 및 추진실적 점검 등 교내 양성평등 실현을 위한 위원회 운영,10,관련 정책 수립 및 추진실적 점검 등 교내 양성평등 실현을 위한 위원회 운영,3,관련 정책 수립 및 추진실적 점검 등 교내 양성평등 실현을 위한 위원회 운영
2,한국,Seoul,"단위면적당 온실가스 배출량 변화(관악 + 연건)
∙온실가스 배출량과 에너지 소비량이 총량 기준으로는 지속적으로 증가하였지만 건물의 단위면적(m2)당 배출량은 2015년부터 안정세를 보이고 있습니다. 특히 2019년에 온실가스 배출총량이 전년대비 감소하면서 단위면적당 배출량도 90 Kg-co2/m2 수준으로 감소하였습니다.",7,단위 면적당 온실가스 배출량 변화 관악 연건 온실가스 배출량과 에너지 소비량이 총량기준으로는 지속적으로 증가하였지만 건물의 단위면적m2 당 배출량은 2015년부터 안정세를 보이고 있습니다. 특히 2019년에 온실가스 배출 총량이 전년 대비 감소하면서 단위 면적당 배출량도 90Kgco2m2 수준으로 감소하였습니다.,3,단위 면적당 온실가스 배출량 변화 관악 연건 온실가스 배출량과 에너지 소비량이 총량기준으로는 지속적으로 증가하였지만 건물의 단위면적m2 당 배출량은 2015년부터 안정세를 보이고 있습니다. 특히 2019년에 온실가스 배출 총량이 전년 대비 감소하면서 단위 면적당 배출량도 90Kgco2m2 수준으로 감소하였습니다.
102,한국,Kangwon,자전거 및 전기자동차로 통근하는 구성원들의 편의 증진,11,자전거 및 전기자동차로 통근하는 구성원들의 편의 증진,3,자전거 및 전기자동차로 통근하는 구성원들의 편의 증진
96,한국,Kangwon,보행자 안전을 위한 안전펜스 설치,11,보행자 안전을 위한 안전펜스 설치,3,보행자 안전을 위한 안전펜스 설치
79,한국,Kangwon,"장애학생과 도우미를 대상으로 찾아가는 맞춤 상담을 진행하여 성격, 대인관계 고민 해소",10,"장애학생과도우미를 대상으로 찾아가는 맞춤 상담을 진행하여 성격, 대인관계 고민해소",3,"장애학생과도우미를 대상으로 찾아가는 맞춤 상담을 진행하여 성격, 대인관계 고민해소"
67,한국,Kangwon,혁신신약 후보 항체 개발 및 사업화 추진,9,혁신 신약 후보 항체 개발 및 사업화 추진,3,혁신 신약 후보 항체 개발 및 사업화 추진
37,한국,Kangwon,지역도시 미래에너지 산업 육성 방향 모색,7,지역 도시 미래 에너지산업 육성 방향 모색,3,지역 도시 미래 에너지산업 육성 방향 모색
26,한국,Ajou,"아주대학교병원은 2021년 6월 서울 코엑스에서 열린 ‘바이오코리아 2021’에 참가해 아주대학교병원의 사업화 유망기술과 교원 창업 현황을 소개했다. 바이오코리아는 국제적 정보교류와 기술거래의 장으로 자리매김한 대표적인 국내 바이오헬스 산업 컨벤션으로, 올해는 이라는 주제로 전시, 컨퍼런스, 포럼 등 다양한 프로 그램을 선보였다. 아주대학교병원은 암질환, 뇌질환, 간질환, 소화기 질환, 심혈관질환, 피부질환, 항염증 치료제, 바이오소재 등 다양한 분야를 아우르는 사업화 유망기술과 나인비(대표이사 의학유전학과 정선용 교수/갱년기 여성비만 개선 건강기능식품 및 신약 개발), 플라 리트(대표이사 이비인후과학교실 김철호 교수/바이오플라즈마 기반 치료용 의료기기 개발) 등 총 15개에 달하는 아주대학교병원 교원 창업기업의 주요 사업내용을 소개하고 시제품을 전시했다. 아주대학교병원은 ‘의료현장 기반의 혁신적 임상 중개연구에 기반하여 임상 역량 강화 및 자립형 모델을 통한 미래가치 창출을 선도하는 연구 중심병원’이라는 전략 아래, △타겟 물질 프로파일 기반 임상 중개연구 플랫폼 △바이오마커 기반 유효성 평가 플랫폼 △3D 면역칩 기반 비임상 개발 서비스 플랫폼 △실시간 임상 근거 제공 네트워크 플랫폼 4개 세부과제의 연구와 사업화를 활발히 진행하고 있다.",9,"아주대학교병원은 2021년 6월 서울 코엑스에서 열린 바이오코리아 2021에 참가해 아주대학교병원 의 사업화 유망기술과 교원창업 현황을 소개했다. 바이오코리아는 국제적 정보교류와 기술거래의 장으로 자리매김한 대표적인 국내 바이오헬스산업 컨벤션으로, 올해는 이라는 주제로 전시, 컨퍼런스, 포럼 등 다양한 프로그램을 선보였다.아주대학교병원은 암질환, 뇌질환, 간질환, 소화기 질환, 심혈관질환, 피부질환, 항염증 치료제, 바이오소재 등 다양 한 분야를 아우르는 사업화 유망기술과 나인 비 대표이사의 학유전학과 정선용 교수 갱년기 여성비만 개선 건강기능식품 및 신약개발, 플라리트 대표이사 이비인후과학교실 김철호 교수 바이오플라즈마 기반 치료용 의료기기 개발 등 총 15개에 달하는 아주대학교 병원 교원창업기업의 주요 사업 내용을 소개하고 시제품을 전시했다.아주대학교병원은 의료현장 기반의 혁신적 임상중개연구에 기반하여 임상역량 강화 및 자립형 모델을 통한 미래가치 창출을 선도하는 연구중심병원 이라는 전략 아래, 타겟물질 프로파일 기반 임상중개연구 플랫폼 바이오마커 기반 유효성 평가 플랫폼 3D 면역칩 기반 비임상개발 서비스 플랫폼 실시간 임상근거 제공 네트워크 플랫폼 4개 세부과제의 연구와 사업화를 활발히 진행하고 있다.",3," 암질환, 뇌질환, 간질환, 소화기 질환, 심혈관질환, 피부질환, 항염증 치료제, 바이오소재 등 다양 한 분야를 아우르는 사업화 유망기술과 나인 비 대표이사의 학유전학과 정선용 교수 갱년기 여성비만 개선 건강기능식품 및 신약개발, 플라리트 대표이사 이비인후과학교실 김철호 교수 바이오플라즈마 기반 치료용 의료기기 개발 등 총 15개에 달하는 아주대학교 병원 교원창업기업의 주요 사업 내용을 소개하고 시제품을 전시했다"
59,한국,Kangwon,상생협력을 통한 도시재생 뉴딜사업 추진 업무협약 체결. 정선군 고한읍 도시재생현장지원센터와 도시재생 자원‧정보‧전문인력 교류와 협력,9,상생협력을 통한 도시재생 뉴딜사업 추진 업무협약 체결.정선군고한읍도시재생현장지원센터와 도시재생자원정보전문인력 교류와 협력,3, 도시재생자원정보전문인력 교류와 협력
8,한국,Seoul,"대학에서 발명된 지적재산권 관련 회사 수
∙2017년 이전에 설립되어 2019년 말 운영 기준, 서울대학교가 주식을 일부 혹은 전체 보유하고 있는 회사 수는 22개입니다. 그리고 대학 내에서 발명된 지적재산권을 바탕으로 설립되었으나, 대학이 소유권을 보유하고 있지 않은 회사 수는 8개입니다. 서울대학교가 소유한 회사 중 브랜드 로고가 있는 주요 회사들을 소개하면 아래와 같습니다.",9,"대학에서 발명된 지적재산권 관련 회사 수 2017년 이전에 설립되어 2019년 말 운영 기준, 서울대학교가 주식을 일부 혹은 전체 보유하고 있는 회사 수는 22개입니다. 그리고 대학 내에서 발명된 지적재산권을 바탕으로 설립되었으나, 대학이 소유권을 보유하고 있지 않은 회사 수는 8개입니다. 서울대학교가 소유한 회사 중 브랜드 로고가 있는 주요 회사들을 소개하면 아래와 같습니다.",3,"대학에서 발명된 지적재산권 관련 회사 수 2017년 이전에 설립되어 2019년 말 운영 기준, 서울대학교가 주식을 일부 혹은 전체 보유하고 있는 회사 수는 22개입니다. 그리고 대학 내에서 발명된 지적재산권을 바탕으로 설립되었으나, 대학이 소유권을 보유하고 있지 않은 회사 수는 8개입니다. 서울대학교가 소유한 회사 중 브랜드 로고가 있는 주요 회사들을 소개하면 아래와 같습니다."
64,한국,Kangwon,"폐광지역 산업육성, 정주여건, 정책수립 상호 협력",9,"폐광지역 산업육성, 정주여건, 정책 수립 상호협력",3,"폐광지역 산업육성, 정주여건, 정책 수립 상호협력"
3,한국,Seoul,"기관별 에너지 사용량(TOE) 현황
∙에너지 사용량은 공과대학, 자연과학대학, 연건캠퍼스, 농업생명과학대학, 수의과대학 순으로 높고, 단위면적당 에너지 사용량은 수의과대학, 약학대학, 자연과학대학, 공과대학, 농업생명과학대학 순으로 높습니다",7,"기관별 에너지 사용량 TOE 현황에너지 사용량은 공과대학, 자연과학대학, 연건캠퍼스, 농업생명과학대학, 수의과대학 순으로 높고, 단위 면적당 에너지 사용량은 수의과대학, 약학대학, 자연과학대학, 공과대학, 농업생명과학대학 순으로 높습니다",3,"기관별 에너지 사용량 TOE 현황에너지 사용량은 공과대학, 자연과학대학, 연건캠퍼스, 농업생명과학대학, 수의과대학 순으로 높고, 단위 면적당 에너지 사용량은 수의과대학, 약학대학, 자연과학대학, 공과대학, 농업생명과학대학 순으로 높습니다"
4,한국,Seoul,"전기 / 가스 사용량 변화율
∙전기는 증가율이 둔화되기는 하였지만 2019년까지 꾸준히 증가하는 추세를 보이고 있습니다. 2019년에는 전력사용량은 242,996 MWh, 사용요금 기준으로 약 240억 원에 달하고 있습니다. 가스는 2017년에 가장 높은 사용량을기록한 후 감소하고 있습니다. 가스 사용량의 감소는 근래 개별 냉난방 시스템의 확대에 따라 중앙 냉난방 공급이 줄어들면서 나타나는 현상입니다.",7,"전기가스 사용량 변화율 전기는 증가율이 둔화되기는 하였지만 2019년까지 꾸준히 증가하는 추세를 보이고 있습니다.2019년에는 전력 사용량은 242, 996MWh, 사용요금 기준으로 약 240억원에 달하고 있습니다.가스는 2017년에 가장 높은 사용량을 기록한 후 감소하고 있습니다.가스 사용량의 감소는 근래 개별 냉난방 시스템의 확대에 따라 중앙냉난방 공급이 줄어들면서 나타나는 현상입니다.",3, 2017년에 가장 높은 사용량을 기록한 후 감소하고 있습니다
5,한국,Seoul,"주용도별 에너지 사용량(TOE) 현황
∙ 건물의 주용도를 8가지로 구분하여 용도별 에너지 사용량을 분석한 결과 용도별 에너지 사용비율과 증가기여도 모
두 이공계열과 연구시설에서 높게 나타났습니다. 관악캠퍼스를 기준으로 전체 에너지 소비량 중 이공계열, 연구
시설 용도가 차지하는 비율은 약 66%인 것으로 분석되었습니다.",7,"주용도별 에너지 사용량 TOE 현황 건물의 주용도를 8가지로 구분하여 용도별 에너지 사용량을 분석한 결과 용도별 에너지 사용 비율과 증가 기여도 모두 이공계열과 연구시설에서 높게 나타났습니다. 관악캠퍼스를 기준으로 전체 에너지 소비량 중이공계열, 연구시설 용도가 차지하는 비율은 약 66인 것으로 분석되었습니다.",3,"주용도별 에너지 사용량 TOE 현황 건물의 주용도를 8가지로 구분하여 용도별 에너지 사용량을 분석한 결과 용도별 에너지 사용 비율과 증가 기여도 모두 이공계열과 연구시설에서 높게 나타났습니다. 관악캠퍼스를 기준으로 전체 에너지 소비량 중이공계열, 연구시설 용도가 차지하는 비율은 약 66인 것으로 분석되었습니다."
12,한국,Seoul,"인권센터 운영
∙ 서울대학교는 2000년 성희롱성폭력 상담소를 개소하
면서 2012년에 ‘인권센터 규정’을 마련하고 <인권센터>
를 설치했습니다.
∙ 인권센터는 서울대학교 구성원의 인권을 보호하고 권익
을 향상시키기 위한 활동, 인권침해 상담과 구제 조치,
인권･성평등 교육, 관련 기반 연구를 수행하고 있습니다.",10,"인권센터 운영 서울대학교는 2000년 성희롱 성폭력상담소를 개소하면서 2012년에 인권센터 규정을 마련하고 인권센터를 설치했습니다. 인권센터는 서울대학교 구성원의 인권을 보호하고 권익을 향상시키기 위한 활동, 인권침해 상담과 구제조치, 인권성평등교육, 관련 기반 연구를 수행하고 있습니다.",3,"인권센터 운영 서울대학교는 2000년 성희롱 성폭력상담소를 개소하면서 2012년에 인권센터 규정을 마련하고 인권센터를 설치했습니다. 인권센터는 서울대학교 구성원의 인권을 보호하고 권익을 향상시키기 위한 활동, 인권침해 상담과 구제조치, 인권성평등교육, 관련 기반 연구를 수행하고 있습니다."
76,한국,Kangwon,외국인 유학생 대상 1:1 전문 상담을 진행하여 대학생활 고민 해소,10,외국인 유학생 대상 11전문 상담을 진행하여 대학생활 고민 해소,3,외국인 유학생 대상 11전문 상담을 진행하여 대학생활 고민 해소
21,한국,Ajou,"아주대학교 이규진 연구교수가 ‘2050 탄소중립위원회’ 위원으로 임명됐다. 탄소중립위원회는 대통령 직속 기구로, 탄소중립 사회로 나아가기 위한 정책과 계획을 수립하고 점검·평가하는 민관 참여 기구다. 산하에 ▲기후변화 ▲에너지혁신 ▲경제산업 ▲녹색생활 ▲공정전환 ▲과학 기술 ▲국제협력 ▲국민참여 등 8개 분과위원회를 두고 경제·산업· 사회 등의 영역에서 정책을 종합적으로 심의·조정한다. 이규진 교수는 본교 TOD기반 지속가능도시교통연구센터에 소속되어 교통계획·교통환경 분야를 연구하고 있으며, 이번 탄소중립위원회 에서는 수송부문을 중심으로 정책 심의·조정에 참여할 예정이다.",7,"아주대학교 이규진 연구교수가 2050 탄소중립위원회 위원으로 임명됐다. 탄소중립위원회는 대통령 직속 기구로, 탄소중립사회로 나아가기 위한 정책과 계획을 수립하고 점검평가하는 민관참여기구다.산하에 기후변화에너지 혁신경제산업녹색생활공정 전환과학기술국제협력국민참여 등 8개 분과위원회를 두고 경제산업사회 등의 영역에서 정책을 종합적으로 심의조정한다.이 규진 교수는 본교TOD 기반 지속가능도시 교통연구센터에 소속되어 교통계획 교통환 경 분야를 연구하고 있으며, 이번 탄소중립위원회에서는 수송부문을 중심으로 정책심의 조정에 참여할 예정이다.",3," 규진 교수는 본교TOD 기반 지속가능도시 교통연구센터에 소속되어 교통계획 교통환 경 분야를 연구하고 있으며, 이번 탄소중립위원회에서는 수송부문을 중심으로 정책심의 조정에 참여할 예정이다."
13,한국,Seoul,"장애인 지원
∙ 서울대학교는 국립대학 최초로 2003년 ‘장애학생지원
센터’를 설치하여 장애학생의 교육환경 개선 및 생활과
학습을 전반적으로 지원합니다.
∙ ‘장애학생복지 위원회’를 두어 장애학생 교육과 복지의
기본 방침과 주요 사항을 심의합니다. 
∙ 장애인을 위한 편의시설, 주거, 전용 차량을 지원하며,
장애학생을 위한 오리엔테이션, 도우미 지원, 수강신청
지원, 이해 가이드북을 제공합니다.",10,"장애인 지원 서울대학교는 국립대학 최초로 2003년 장애학생 지원센터를 설치하여 장애학생의 교육환경 개선 및 생활과학습을 전반적으로 지원합니다. 장애 학생 복지위원회를 두어 장애학생 교육과 복지의 기본 방침과 주요 사항을 심의합니다. 장애인을 위한 편의시설, 주거, 전용차량을 지원하며, 장애학생을 위한 오리엔테이션, 도우미 지원, 수강신청 지원, 이해가이드북을 제공합니다.",3,"장애인 지원 서울대학교는 국립대학 최초로 2003년 장애학생 지원센터를 설치하여 장애학생의 교육환경 개선 및 생활과학습을 전반적으로 지원합니다. 장애 학생 복지위원회를 두어 장애학생 교육과 복지의 기본 방침과 주요 사항을 심의합니다. 장애인을 위한 편의시설, 주거, 전용차량을 지원하며, 장애학생을 위한 오리엔테이션, 도우미 지원, 수강신청 지원, 이해가이드북을 제공합니다."
7,한국,Seoul,"직업연수 참가 학생 수
∙ 학위과정의 일환으로 교직 관련 학교현장실습이 운영
되고 있으며, 2018년부터는 실습학기제로 공학현장실
습이 도입되었습니다. 학교현장실습은 사범대학의 다
양한 교육학과 학생들이 많이 참가하며, 공학현장실습
은 공과대학의 여러 학과 학생들이 주로 참가하고 있
습니다. 2019년도 학교현장실습 참가 학생수는 355명,
공학현장실습 참가 학생수는 55명이었습니다.",8,"직업연수 참가 학생 수학위과정의 일환으로 교직 관련 학교 현장실습이 운영되고 있으며, 2018년부터는 실습학기제로 공학현장실습이 도입되었습니다. 학교 현장실습은 사범대학의 다양한 교육학과 학생들이 많이 참가하며, 공학현장 실습은 공과대학의 여러 학과 학생들이 주로 참가하고 있습니다.2019년도 학교 현장실습 참가 학생 수는 355명, 공학현장실습 참가 학생 수는 55명이었습니다.",3," 학교 현장실습 참가 학생 수는 355명, 공학현장실습 참가 학생 수는 55명이었습니다."
71,한국,Kangwon,기업과 대학 간 1:1 기술 상담으로 대학의 기술이전 및 실험실 창업 촉진,9,기업과 대학 간 11기술상담으로 대학의 기술이전 및 실험실 창업촉진,3,기업과 대학 간 11기술상담으로 대학의 기술이전 및 실험실 창업촉진
24,한국,Ajou,"아주대학교는 대학 핵심역량을 기반으로 특화 산업분야를 선정하고 산업체와의 협업체계 구축 및 성과 창출을 위해 BK21(4단계) 등 대형 연구사업을 수행 중인 연구그룹을 발굴하여 연구소 간 융합을 통한 기업협업센터(ICC)를 설립하였다. 본교 ICC는 협력을 통한 기업과 상생발전을 목표로 대학 연구자와 기업체, 연구소, 지자체 관계자가 특화산업 분야별로 연계 및 협업을 하여 인력양성과 패키지형 산학 협력 사업을 종합적으로 추진하고 있다.",9,"아주대학교는 대학 핵심역량을 기반으로 특화산업 분야를 선정하고 산업체와의 협업체계 구축 및 성과 창출을 위해 BK214단계 등 대형 연구사업을 수행 중인 연구그룹을 발굴하여 연구소간 융합을 통한 기업협업센터 ICC를 설립하였다.본교 ICC는 협력을 통한 기업과 상생발전을 목표로 대학 연구자와 기업체, 연구소, 지자체 관계자가 특화산업 분야별로 연계 및 협업을 하여 인력양성과 패키지형 산학협력 사업을 종합적으로 추진하고 있다.",3," ICC는 협력을 통한 기업과 상생발전을 목표로 대학 연구자와 기업체, 연구소, 지자체 관계자가 특화산업 분야별로 연계 및 협업을 하여 인력양성과 패키지형 산학협력 사업을 종합적으로 추진하고 있다."
9,한국,Seoul,"산업계 연구비 수입 및 정부 재정 지원 수혜 실적
∙서울대학교 산학협력단의 민간 연구비 수주액은 2015년도 76,088백만 원에서 2019년도 130,614백만 원으로 계속 증대되어 왔습니다. 그리고 2019년에 서울대는 정부출연금 및 보조금을 4,708억 원 받았습니다.",9,"산업계 연구비 수입 및 정부 재정지원 수혜 실적 서울대학교 산학협력단의 민간연구비 수주액은 2015년도 76,088백만 원에서 2019년도 130, 614백만 원으로 계속 증대되어 왔습니다. 그리고 2019년에 서울대는 정부출연금 및 보조금을 4,708억원 받았습니다.",3,"산업계 연구비 수입 및 정부 재정지원 수혜 실적 서울대학교 산학협력단의 민간연구비 수주액은 2015년도 76,088백만 원에서 2019년도 130, 614백만 원으로 계속 증대되어 왔습니다. 그리고 2019년에 서울대는 정부출연금 및 보조금을 4,708억원 받았습니다."
20,한국,Ajou,"아주대학교 Linc+ 사업단은 기업협업센터 ICC로 탄소-제로 신재생 에너지시스템사업단을 개소하였다. 또한, 아주대학교 탄소-제로 신재생에너지시스템 사업단은 2020년 10월 7일 K-RE100 포럼 설립 이후 협의체를 구성하여, 2021년 5월 28일 Linc+ ICC 개소와 RE100 협의체 출범을 동시에 진행하며 탄소 관리 프로세스를 구축 하였다. RE100은 2050년까지 기업이 필요한 전력량의 100%를 '태양광, 풍력' 등 친환경적 재생에너지원을 통해 발전된 전력으로 사용하겠다는 민간 기업들의 자발적인 글로벌 재생에너지 이니셔티브로, ESG 및 탄소중립과 연계되어 활성화되어 있다. 이번에 개소한 탄소-제로 신재생에너지시스템 사업단과 ICC는 RE100 협의체와 연계하여 ▲기술사업화를 위한 산학공동연구 ▲기업 지원사업 추진 ▲특화 교육과정 개발을 통한 전문인력 양성 등의 사업을 연계 수행할 예정이다. 우리 학교는 대학의 핵심역량을 기반으로 특화 산업분야(바이오·헬스 케어, 스마트 모빌리티, 신재생에너지, AI·빅데이터)를 선정하고, 해당분야 기업과 연계하여 인력양성과 기업협업을 종합적으로 추진하는 기업협업센터(ICC)를 운영하고 있다. 이를 통해 산학공동기술 개발을 비롯한 다양한 사업을 추진하고 있으며 사회공헌 활동도 벌이고 있다",7,"아주대학교 Linc 사업단은 기업협업센터 ICC로 탄소제로 신재생에너지 시스템 사업단을 개소하였다. 또한, 아주대학교 탄소제로 신재생에너지 시스템 사업단은 2020년 10월 7일 KRE 100포럼 설립 이후 협의체를 구성하여, 2021년 5월 28일 LincICC 개소와 RE100 협의체 출범을 동시에 진행하며 탄소관리 프로세스를 구축하였다. RE 100은 2050년까지 기업이 필요한 전력량의 100를 태양광, 풍력 등 친환경적 재생에너지 원을 통해 발전된 전력으로 사용하겠다는 민간기업들의 자발적인 글로벌 재생에너지이니셔티브로, ESG 및 탄소중립과 연계되어 활성화되어 있다.이번에 개소한 탄소제로 신재생에너지 시스템 사업단과 ICC는 RE100 협의체와 연계하여 기술사업화를 위한 산학공동연구기업 지원사업 추진특화교육과정 개발을 통한 전문인력 양성 등의 사업을 연계 수행할 예정이다. 우리 학교는 대학의 핵심역량을 기반으로 특화산업 분야 바이오헬스케어, 스마트 모빌리티, 신재 생에너지, AI 빅데이터를 선정하고, 해당 분야 기업과 연계하여 인력양성과 기업 협업을 종합적으로 추진하는 기업 협업센터 ICC를 운영하고 있다.이를 통해 산학공동 기술 개발을 비롯한 다양한 사업을 추진하고 있으며 사회공헌활동도 벌이고 있다",3," 개소한 탄소제로 신재생에너지 시스템 사업단과 ICC는 RE100 협의체와 연계하여 기술사업화를 위한 산학공동연구기업 지원사업 추진특화교육과정 개발을 통한 전문인력 양성 등의 사업을 연계 수행할 예정이다. 우리 학교는 대학의 핵심역량을 기반으로 특화산업 분야 바이오헬스케어, 스마트 모빌리티, 신재 생에너지, AI 빅데이터를 선정하고, 해당 분야 기업과 연계하여 인력양성과 기업 협업을 종합적으로 추진하는 기업 협업센터 ICC를 운영하고 있다"
6,한국,Seoul,"교직원 노동권(단체협약 등)
∙ 서울대학교 노동조합은 2012년 1월 3일에 설립신고를
하였습니다. 직원의 노동권 보장을 위해 서울대학교노
동조합 규약에 따라 단체협약과 임금협상을 체결하고
있습니다. 그리고 2018년 2월 6일에는 서울대학교의
용역･파견근로자를 정규직으로 전환하기로 합의를 했
습니다. 한편 서울대학교 교수노조가 2019년 11월에
창립총회를 열고 정식으로 출범하였습니다.",8,교직원노동권 단체협약 등 서울대학교 노동조합은 2012년 1월 3일에 설립신고를 하였습니다. 직원의 노동권 보장을 위해 서울대학교 노동조합 규약에 따라 단체협약과 임금협상을 체결하고 있습니다. 그리고 2018년 2월 6일에는 서울대학교의 용역 파견근로자를 정규직으로 전환하기로 합의를 했습니다. 한편 서울대학교 교수노조가 2019년 11월에 창립총회를 열고 정식으로 출범하였습니다.,3,교직원노동권 단체협약 등 서울대학교 노동조합은 2012년 1월 3일에 설립신고를 하였습니다. 직원의 노동권 보장을 위해 서울대학교 노동조합 규약에 따라 단체협약과 임금협상을 체결하고 있습니다. 그리고 2018년 2월 6일에는 서울대학교의 용역 파견근로자를 정규직으로 전환하기로 합의를 했습니다. 한편 서울대학교 교수노조가 2019년 11월에 창립총회를 열고 정식으로 출범하였습니다.
10,한국,Seoul,"특허 실적
∙서울대학교 해외특허 등록 건수는 2017년 216건에서 2019년 150건으로 감소했으나, 국내특허 등록 건수는 2017년 542건에서 2019년 594건으로 증가했습니다.",9,"특허 실적 서울대학교 해외특허등록 건수는 2017년 216건에서 2019년 150건으로 감소했으나, 국내 특허 등록 건수는 2017년 542건에서 2019년 594건으로 증가했습니다.",3,"특허 실적 서울대학교 해외특허등록 건수는 2017년 216건에서 2019년 150건으로 감소했으나, 국내 특허 등록 건수는 2017년 542건에서 2019년 594건으로 증가했습니다."
19,한국,Ajou,아주대학교가 수소융합얼라이언스추진단과 수소산업 활성화 및 전문 인력 양성을 위해 업무협약(MOU)을 체결했다. 협약을 통해 두 기관은 ▲수소에너지 전문인력 지도 육성 방안 수립 ▲수소산업 융복합 인력 연구사업 협력 ▲공동 교육과정 편성 및 운영 ▲산업현장 연수 및 표준형 현장실습교육 등에 협력한다. 수소융합얼라이언스추진단은 수소 산업 진흥전담기관으로 수소경제 정책 이해와 수용성 향상을 돕고 있다. 이를 위해 ▲수소에너지 확산 로드맵 수립 ▲수소전기차 보급 확대 ▲수소충전소 설립 및 운영 ▲수소 에너지 연관 산업 육성 ▲수소지식 기반 연구 및 국제 협력 등의 사업을 수행하고 있다.,7,아주대학교가 수소융합 얼라이언스 추진단과 수소산업 활성화 및 전문인력 양성을 위해 업무협약 MOU을 체결했다. 협약을 통해 두 기관은 수소에너지 전문인력 지도 육성 방안 수립 수소산업 융복합 인력연구사업 협력 공동교육과정 편성 및 운영산업 현장연수 및 표준형 현장실습 교육 등에 협력한다.수소융합 얼라이언스 추진단은 수소산업진흥전담기관으로 수소경제정책이해와 수용 성 향상을 돕고 있다.이를 위해 수소에너지 확산 로드맵 수립 수소 전기차 보급 확대 수소충전 소 설립 및 운영수소에너지 연관산업 육성 수소지식기반 연구 및 국제협력 등의 사업을 수행하고 있다.,3,아주대학교가 수소융합 얼라이언스 추진단과 수소산업 활성화 및 전문인력 양성을 위해 업무협약 MOU을 체결했다. 협약을 통해 두 기관은 수소에너지 전문인력 지도 육성 방안 수립 수소산업 융복합 인력연구사업 협력 공동교육과정 편성 및 운영산업 현장연수 및 표준형 현장실습 교육 등에 협력한다
